npv_cost_gbp,total_co2_t,first_overlay_year
67226.0774463722,50.103696,7
155665.974150128,58.35912,5
85548.8487634689,44.672496,8
106556.627470289,50.103696,6
84177.2407171321,86.194896,5
97774.8543298382,52.819296,5
117100.574647438,55.426272,5
83500.7843215096,44.672496,7
87635.4671505301,55.534896,5
101490.409411975,50.21232,6
73957.1192138537,44.672496,8
145065.296132284,58.250496,4
58593.1130946988,41.956896,9
85743.5069928736,52.92792,5
146689.883237105,91.843344,4
71446.6964157387,44.78112,7
62278.8772236053,44.672496,8
162470.829567284,63.573072,4
63652.0968683783,47.605344,6
77817.5513860121,41.956896,9
63866.146017975,47.49672,7
71741.0504081509,41.848272,10
69325.033989492,44.78112,7
81873.8774168197,47.279472,7
111335.719021921,50.103696,6
116847.680827795,52.710672,6
99588.8282341275,50.21232,6
104205.429501355,52.819296,6
97078.8515507405,47.388096,7
98799.0381347735,55.534896,5
58377.5245406638,50.21232,7
109922.887656248,47.49672,7
82141.0937427306,44.672496,9
101914.962105942,60.857472,4
121785.163778434,55.317648,5
84862.9824032788,44.672496,8
88954.6465698236,39.132672,10
56660.6160000073,44.672496,8
101638.935158158,47.49672,7
79154.4917722079,50.103696,7
103942.911694973,47.49672,7
64846.8252312535,47.605344,6
77427.4430115611,44.672496,9
67569.5143465504,41.956896,9
85453.1467314117,55.317648,5
126837.843872095,52.602048,5
54948.3504032403,39.024048,11
61954.2076200207,47.49672,7
104776.269541105,47.49672,7
167236.185704441,119.353248,4
90928.6428214705,55.426272,5
162673.699904388,86.30352,4
101036.889181238,50.21232,7
89404.1719862169,52.710672,6
83696.3421809439,52.710672,5
106304.309385492,47.49672,7
74841.7736331516,44.78112,7
62404.325719832,41.956896,9
92199.9699163557,55.534896,5
93772.4840582245,91.626096,4
95381.9554931641,50.21232,7
91040.8872966667,55.534896,5
107310.089549179,55.534896,5
123464.604287951,55.534896,5
83674.9283653176,44.78112,7
112591.41301859,55.534896,5
145271.552911217,88.910496,4
97556.5319292752,41.956896,8
111838.55600238,52.819296,5
64474.4863889075,47.605344,6
72061.4064145759,41.848272,9
113080.109198282,88.801872,4
77586.1084191094,44.672496,8
62230.0555012236,41.848272,9
83086.1432929687,44.672496,8
56349.9953263363,39.132672,10
147957.903777972,60.857472,4
67977.6323113003,47.605344,6
78310.6472196411,55.317648,5
95658.7012458711,47.279472,7
64749.2307522616,44.672496,8
110180.284986946,50.21232,6
78874.2347342705,47.605344,6
61484.8490568586,41.848272,10
96796.8054534493,88.693248,4
137823.449485311,52.819296,5
85322.4867040703,44.78112,7
93906.5609741993,47.388096,7
99542.5394727746,86.194896,5
129837.831957852,55.426272,5
117404.417018944,52.602048,5
112557.401399597,50.21232,6
88635.3507322256,50.103696,7
108847.978972151,47.388096,7
137847.528854494,58.141872,4
76366.9635706079,52.819296,5
104335.030622966,86.194896,5
95393.5181293757,50.103696,7
76850.1414759833,44.672496,8
181529.213474028,88.693248,4
94240.1641416924,52.92792,5
75210.437589785,55.534896,4
105961.065177657,44.78112,7
96080.7516922937,44.78112,7
102027.844021381,44.78112,7
84905.2530525274,52.819296,6
92049.1576261566,52.710672,6
84244.1755741149,41.848272,10
101726.486488149,44.672496,9
91480.1142078644,41.956896,9
101508.456296234,44.672496,9
112964.385741897,52.92792,5
65632.3064542567,41.848272,10
68908.7507486793,47.49672,7
80143.2139273616,50.103696,6
90839.840411833,55.534896,5
142199.691075575,52.819296,6
86640.3625332685,50.103696,7
135592.732206512,52.819296,5
81556.782082113,44.672496,8
78333.4017319607,47.49672,7
113256.801445007,55.426272,5
77312.0839456886,47.49672,7
76420.2166397682,50.21232,6
101631.397651988,44.672496,8
107944.849841049,52.819296,5
163836.295946943,60.748848,4
79767.412393103,41.956896,9
84554.9555558509,55.534896,5
85718.6189105902,47.388096,7
124106.465472653,52.710672,6
115809.160926893,52.819296,5
127791.436872796,55.534896,5
71388.0728718443,41.956896,9
66616.529081119,41.956896,8
148963.147519053,58.033248,4
94475.3908723532,52.710672,5
57790.2923574745,44.78112,7
132587.347098797,58.141872,4
63714.0354682772,47.49672,7
111423.808750507,114.139296,5
62170.7026700708,47.605344,7
120138.637047812,52.92792,5
112863.20577681,52.819296,5
92761.8833576094,88.693248,4
90640.4458471702,55.534896,4
109566.877028332,55.534896,5
114297.466698596,50.103696,5
60017.1070001563,39.132672,11
165715.490613266,58.35912,5
95833.1119957497,47.49672,7
72978.1408594401,50.21232,7
97313.2287238365,44.672496,8
112527.581512896,47.49672,7
100835.931154465,47.49672,7
118067.701035168,58.141872,5
71331.6993395083,52.602048,5
82754.459262215,47.49672,7
88816.9755022399,44.78112,7
63101.3611071321,41.848272,9
64596.0546157897,41.848272,10
79230.2906633967,41.956896,9
59185.5549124707,47.49672,7
87690.0279278034,55.64352,6
93587.9799348254,50.103696,7
91227.8403848248,41.848272,9
92866.5196182485,83.479296,4
69323.4375027586,41.956896,9
124679.435882834,50.21232,6
135079.562788367,86.194896,5
114496.405709698,55.426272,5
84007.3602915406,41.848272,10
85293.869622739,55.317648,6
92955.1941177201,41.956896,9
104223.349378774,55.426272,5
123719.044312628,52.710672,6
72379.6456770625,44.672496,8
83056.6808432626,50.21232,6
181795.414350425,122.177472,4
68607.716602275,41.848272,10
110138.642543268,50.21232,6
117233.155017173,52.819296,6
97344.7912420976,52.819296,6
101980.728666375,50.21232,6
133642.067929506,55.426272,5
66604.6616525201,41.848272,9
75174.3365931903,47.49672,7
104267.435522921,52.710672,5
97963.9653593899,50.103696,6
85201.7576979861,41.848272,9
74022.1691056189,41.848272,10
116796.816307394,52.819296,5
106411.220420786,47.49672,7
72197.3877952722,55.317648,5
98901.9751016196,47.49672,7
92765.1744058266,44.672496,7
87129.2351341979,44.672496,9
71437.7344801197,47.49672,7
85142.1239209727,50.21232,6
66949.0485128873,44.672496,8
58402.9939683936,41.956896,9
84475.5235307746,50.21232,7
110249.999151903,86.194896,5
74937.4059967332,50.21232,6
75214.6014594792,47.605344,7
68109.2477860141,50.21232,7
76544.703777089,44.78112,8
101222.18706666,50.103696,6
108919.878753656,91.73472,4
58581.2936796852,44.78112,7
91107.2113944725,88.801872,4
91950.5396487524,50.21232,7
97219.7166351704,44.78112,7
78724.4683719524,41.848272,9
121382.275943768,94.233072,4
84460.9027771439,41.848272,10
102777.283348998,52.710672,6
107846.660311528,47.388096,7
103143.999940495,44.672496,8
101408.285384688,47.49672,7
85282.464130704,52.819296,6
131674.534920233,55.534896,5
85535.8364044391,58.141872,5
68582.3372111273,52.710672,6
89362.6008800678,41.848272,10
82396.116772479,47.605344,7
71847.4117028695,47.49672,7
68682.1730711319,47.49672,7
192352.310588265,119.570496,4
78323.5939443572,58.141872,5
110773.862234262,47.49672,7
160881.154014198,63.681696,4
106417.490744224,52.710672,5
75628.9671763838,47.49672,7
89889.7640443474,50.21232,7
77474.9917763912,55.426272,6
120155.243311571,50.21232,6
115491.117117158,55.426272,5
69572.8652695476,47.388096,7
130805.415869342,55.534896,5
97966.447850592,47.49672,7
95372.4234207218,50.21232,6
57822.1175076535,44.672496,8
68132.5457740957,41.956896,9
120547.742382571,116.746272,4
77707.3965299307,44.672496,8
93406.0534453866,50.103696,5
75806.9044373603,55.426272,6
78950.2262662758,47.49672,7
105696.29269037,47.49672,7
63720.9116231873,44.672496,8
98552.415176888,41.848272,10
161935.718768296,83.479296,5
83525.2024865163,55.534896,5
61189.2450417916,44.78112,8
91210.278014754,41.956896,9
74995.9686989194,50.21232,6
68709.1866336712,52.710672,6
67754.0037783455,44.672496,8
94691.7120983348,116.746272,4
91631.503483487,47.605344,6
88376.5242299863,58.141872,4
99009.6492256926,47.388096,7
83661.4549751671,55.534896,5
68880.8723063846,41.848272,10
108512.435517698,50.103696,6
87864.9917545673,44.672496,8
137685.372267242,55.534896,5
84726.2070568459,47.49672,7
70021.7967553769,44.78112,7
121038.913193729,60.857472,4
58405.7334249803,41.848272,9
70818.2213399092,47.388096,8
111263.229166144,55.534896,5
98499.1224551292,50.21232,6
87130.9691368002,41.956896,9
74924.4720465721,86.086272,5
80129.9383217277,41.956896,9
80534.4452384004,47.605344,7
113689.655705488,52.819296,6
125821.525169222,55.426272,5
148863.121946677,60.857472,4
113152.568205888,50.21232,6
79320.3127878767,52.710672,6
102041.416235305,52.819296,5
59910.1621665252,41.956896,8
60808.3731667328,41.956896,9
102408.815543515,44.672496,8
89769.1014233084,55.317648,6
62901.7079299713,44.672496,8
108256.878750568,50.21232,6
80276.7598782184,41.848272,10
100139.629157739,44.672496,8
93910.4859219338,50.103696,6
94983.9074993359,44.672496,8
86198.6412563475,44.672496,8
121028.391792385,86.086272,5
134067.09662247,58.250496,5
104162.228647041,50.21232,7
61140.2319167945,44.78112,7
89078.2877763959,44.672496,8
78410.0706021881,44.78112,7
76182.7899062547,47.49672,7
129510.557316318,116.746272,4
77910.4217806941,50.21232,6
93564.9016677827,55.426272,5
115804.900589289,55.534896,5
112601.767180457,47.49672,7
73491.33988077,41.848272,10
84727.2605567738,58.250496,5
71005.8284568046,44.672496,9
97059.152898597,44.672496,8
97037.1492202285,50.21232,7
89474.7258719787,44.672496,8
82020.4458089669,86.086272,4
99990.9533631434,44.672496,7
89517.8780290402,83.479296,5
114659.755101169,58.141872,4
82027.9887936922,44.672496,8
134070.774097716,61.07472,5
76733.2971002203,41.956896,9
114518.644099906,116.746272,5
83697.0479057636,55.64352,5
103371.932711935,55.426272,5
95287.7831930079,52.819296,5
51724.7585822042,41.956896,8
59887.7649692277,41.848272,9
89262.521163909,44.672496,8
116500.74984927,55.64352,6
114731.033328327,50.103696,6
67377.0796468236,52.710672,5
85220.6119299512,47.49672,7
105711.910878851,52.819296,5
126009.651241305,52.710672,6
68569.7259340181,44.672496,8
79621.0676463476,44.672496,8
69618.9532093746,52.819296,5
93016.1897913916,52.819296,5
70441.7796650581,50.103696,7
104284.475670113,47.49672,7
77334.3770990549,47.49672,7
64262.497319782,50.21232,6
66617.2779310766,44.672496,9
92668.4888312908,44.672496,8
74852.3783087232,44.672496,7
62301.0058719831,44.672496,7
110402.839708869,47.279472,7
58380.525929482,44.672496,8
97379.5933930207,44.78112,7
75595.2954055867,52.710672,5
120694.988207991,122.286096,4
116943.946534061,52.710672,5
114978.887995753,44.78112,7
69801.0441827897,41.956896,9
143185.303686992,55.426272,5
116905.917887002,91.408848,4
61457.1355141166,44.672496,9
106671.400167384,44.672496,8
97384.896011466,86.086272,5
88621.0648000786,50.103696,6
58319.3057024453,41.956896,9
120713.469967963,52.819296,5
54927.7747365698,39.132672,10
62547.7082004737,41.956896,9
127886.334674226,55.64352,6
70677.7723408491,44.78112,8
75693.636940857,55.534896,5
60820.7871691892,41.956896,9
87346.1430336391,50.21232,5
101842.29895431,52.819296,5
142218.629927824,58.250496,4
96760.3368509701,44.672496,8
109784.98498686,86.30352,4
115925.434305077,49.995072,6
92235.3661363332,55.426272,5
123542.825135135,58.141872,5
71963.0737386584,44.78112,7
110471.461797845,58.35912,5
86269.812052694,47.388096,7
78769.7533611745,44.672496,8
106105.777718854,47.49672,7
80006.914053585,47.605344,7
115163.569554956,58.141872,4
124399.65537345,88.801872,4
120713.314939242,52.710672,6
120739.632413346,52.710672,5
99724.4901504462,55.534896,5
81667.3813921019,50.21232,6
75817.2611582176,41.848272,9
129835.936461819,55.426272,5
109082.223199158,47.49672,7
130977.239964684,86.086272,5
72779.6967383878,44.672496,8
101788.815101681,50.103696,6
134224.776603534,55.534896,5
71601.248343649,50.21232,6
61351.1120091151,44.672496,8
72716.0515002047,55.426272,5
100455.825771045,44.78112,7
114109.719736759,47.49672,7
148899.892933219,88.801872,4
82157.4760189572,50.21232,6
82942.3401718815,47.279472,7
65824.0450271825,44.672496,7
66900.8312726319,44.672496,8
108619.178224948,52.819296,5
83700.8508604915,44.672496,8
91165.1256363691,55.64352,5
95133.0936746771,47.605344,6
117273.3383743,55.534896,5
93035.1577266205,55.317648,5
138102.486387407,89.01912,4
104029.586672171,55.317648,5
70462.2521365771,41.956896,9
108017.007129382,52.819296,5
105091.701172977,50.103696,5
80579.939786318,55.426272,5
131497.838793024,58.141872,5
72329.9419330753,44.672496,9
97175.8126870472,44.78112,7
99528.1207358557,44.672496,7
89879.8239758763,52.819296,6
94854.8563416418,50.21232,6
65426.1871559812,47.49672,7
131286.885039328,116.746272,4
86639.6359148554,44.672496,7
55032.7079158822,41.956896,8
90732.7700591742,41.956896,9
124284.42144728,55.426272,5
75161.346550679,50.103696,6
184329.600815886,116.746272,4
117220.24915517,55.317648,5
85162.4472910221,55.317648,5
104433.734714303,47.49672,7
128165.969361295,58.141872,5
116115.623194481,55.534896,6
118424.028597106,47.605344,7
125693.041497931,116.746272,4
100596.868396497,50.21232,6
80700.2449017248,88.801872,4
66313.0948707535,44.672496,8
100569.156197772,55.534896,5
56940.5523525862,39.132672,10
93908.1981311445,50.103696,5
81965.0808559872,47.605344,7
94197.2611083752,47.49672,7
131900.338916329,55.534896,5
79920.8808281655,47.49672,7
84347.3097594679,55.426272,5
81267.2318557194,52.819296,6
72307.3486398009,44.78112,7
73716.238754599,44.78112,8
82365.8289086015,44.672496,9
147293.822931867,55.317648,5
118117.45122622,47.388096,7
100882.943138889,47.49672,7
95330.5546323124,47.49672,7
97039.6852397135,52.710672,5
51440.0051349421,41.956896,9
67483.3784318077,47.49672,7
90071.8912657331,47.49672,7
89944.9339146827,44.672496,7
83419.5499783726,47.49672,7
67370.314117073,44.78112,8
70067.789486832,47.49672,7
65074.8907552632,41.848272,9
111692.744071981,55.426272,5
119366.365192321,55.534896,6
75429.6385227212,44.78112,7
66668.6230431771,44.672496,8
79038.7122160766,44.672496,8
92880.5565560385,55.426272,5
93841.0798162378,55.64352,5
64927.4064887295,47.388096,7
112506.210822681,52.819296,6
95717.2368531986,116.746272,5
64076.0483938222,44.672496,8
79432.274113723,50.103696,6
98974.8857028502,44.78112,7
117386.93977608,50.21232,6
73375.9711843844,50.21232,6
86563.7860685171,44.672496,8
125495.757602246,55.534896,6
97202.164553277,47.605344,7
76783.7182924053,47.279472,7
97025.5754345397,47.388096,7
102004.910982249,52.710672,5
104792.684765388,58.35912,5
83746.011925306,44.672496,8
88637.2971729191,47.388096,7
105822.069018935,47.49672,7
78624.8964135283,44.672496,8
97723.2112858022,44.672496,8
62403.7714388186,44.672496,8
136511.513419062,52.92792,5
70355.0472364718,47.605344,6
70148.0207802266,50.103696,7
107657.904256376,44.78112,7
86650.6552293455,47.49672,7
77965.8797471592,47.605344,7
59894.5481174713,44.672496,8
108345.02577385,47.49672,7
85914.2463433596,47.49672,7
95143.6915049776,44.78112,7
188303.515922134,119.353248,4
93405.7610042271,52.710672,5
115372.665440844,55.317648,5
98976.9546380792,116.854896,4
142656.761088847,58.141872,4
94564.6416574748,55.209024,5
77926.0752363911,52.710672,6
77921.4303101132,44.78112,7
77854.223583976,39.132672,10
86729.971184858,41.956896,9
91782.0548375604,41.956896,9
124872.028806643,86.194896,5
87012.8803710899,41.956896,8
75901.6446133324,47.49672,7
107038.141401492,47.49672,7
86485.7604305619,44.672496,8
84859.1854235692,44.672496,8
123131.008857615,58.141872,4
84829.5255030493,47.49672,7
114560.77682599,50.103696,6
55487.8292218636,44.672496,8
107045.157499323,88.801872,4
97521.4751997696,47.49672,7
68891.7554667596,44.672496,8
105643.064176408,55.426272,5
70222.6661637017,47.49672,7
77112.8070688196,47.49672,7
68257.7903417194,41.848272,9
72077.5150343354,50.21232,6
91719.9703970124,44.672496,8
77691.4993248791,47.49672,7
84743.5104615785,44.672496,9
76954.6214198475,41.956896,9
67467.8287115887,47.605344,6
112749.486630208,50.103696,6
80323.1449408569,41.956896,9
97237.3277091676,47.49672,7
73590.5638625924,41.848272,10
84733.9260871522,47.49672,7
109206.804433233,52.819296,5
80832.1090567939,52.819296,6
63877.5372792712,44.672496,8
62414.5729617415,44.672496,8
73351.9783904888,50.21232,7
53666.5692152262,41.956896,9
77715.3680130468,52.819296,6
116929.584294202,47.49672,7
86552.7539458479,41.848272,10
59555.6081950345,41.956896,8
63466.1743355221,41.956896,9
88561.2372053264,47.49672,7
87371.9356210959,47.49672,7
121501.557574391,52.602048,5
95611.0269143754,52.710672,5
112381.095397708,44.78112,7
78654.4260206311,47.49672,7
66057.975986086,44.78112,8
122796.007628639,58.141872,5
90670.561261566,44.78112,7
74099.5971137038,41.848272,10
79473.7235281658,44.672496,8
111844.922382115,55.64352,5
71398.8429814757,44.672496,8
63390.2322490229,41.848272,10
133413.214703534,55.64352,5
108878.392975906,52.710672,6
59465.1934400097,41.848272,9
83737.7851492263,52.819296,5
112052.697022929,52.710672,5
90881.787698477,44.78112,8
108713.061079755,50.21232,6
92329.7097138361,47.49672,7
76575.4049138615,41.956896,9
149059.98740508,88.910496,5
101886.963608409,50.21232,7
153572.251350212,152.946096,4
86575.927473991,44.78112,7
111406.133301882,52.819296,5
115602.881688598,55.534896,5
146734.026715979,88.910496,5
86112.1035042282,58.141872,4
82861.2955985125,41.956896,9
80138.4443268375,47.49672,7
114395.398873737,60.966096,4
89506.06613445,44.672496,8
85190.0784942368,44.78112,8
76989.3085499339,47.49672,7
91145.7496045569,41.956896,9
100455.803820826,47.49672,7
68508.1659065149,39.132672,10
72835.4807617375,88.910496,5
83753.1665756298,47.49672,7
81334.5464397717,47.388096,7
58191.6647094542,41.956896,9
91322.1399205001,52.710672,5
61406.8930127068,41.956896,9
80920.8471697468,39.132672,10
87058.2064354602,58.35912,5
66828.2307508242,44.78112,7
69819.186786413,44.672496,7
67139.6051103988,41.848272,10
70588.3780555316,47.49672,7
93052.6232513401,47.388096,7
97891.8223501718,55.426272,6
81449.9555413924,41.956896,9
97443.57613661,47.388096,7
54811.2705989702,41.956896,9
79746.2477075883,41.848272,10
74114.8066026628,50.103696,6
90807.9107558686,47.49672,7
118562.881424566,85.977648,4
86956.5110708558,88.910496,4
113011.839679007,47.49672,7
107258.708810462,116.746272,4
125530.499751264,58.141872,5
89582.9559410579,52.819296,6
112952.60896721,55.64352,5
114029.638871555,58.250496,4
103255.613314666,41.848272,10
106676.808615592,52.92792,5
111811.619007165,113.922048,4
97540.965658771,47.49672,7
96955.8177383055,47.49672,7
114155.293108583,55.534896,5
89839.1471123094,41.956896,8
100921.946922878,47.605344,7
116999.011672085,52.92792,5
91321.7945892653,55.426272,6
101825.757722307,44.78112,7
107372.6471465,47.49672,7
85844.461808751,47.388096,7
61043.5894754114,44.672496,8
94664.2892106404,41.848272,10
77521.1705472783,44.672496,8
94184.688762096,44.672496,8
107536.277284876,55.426272,5
126765.2746538,50.103696,7
73617.1960700754,52.819296,5
114385.10682187,58.033248,4
116591.984368998,85.977648,5
67774.6850954212,47.49672,7
66966.7099511469,44.78112,7
65244.5106792701,50.103696,7
96668.2371110765,55.534896,5
105594.521317847,47.49672,7
143677.074659567,86.086272,5
132042.280121786,58.250496,5
68000.94092609,44.672496,7
67108.6841130388,41.848272,10
83063.5206691959,55.317648,5
81020.3001843226,41.848272,10
147409.42348299,116.96352,4
145462.158928498,88.801872,4
87179.4196191288,55.534896,6
110980.142851384,47.605344,7
67819.0550277707,47.49672,7
150396.016119658,119.570496,4
59776.5019400259,44.672496,8
92811.2902947595,44.672496,8
104355.80323726,47.388096,7
77696.0467002169,50.103696,7
77266.6855253205,55.317648,6
68973.3000183372,47.49672,7
79352.4222468421,39.132672,11
94935.8366127921,47.605344,7
69918.1174741167,47.388096,7
99922.9935866756,52.710672,6
83876.0169307311,47.49672,7
62853.5932066094,44.672496,8
119450.565522111,86.086272,5
62762.5589658253,47.49672,7
70938.903995006,47.388096,7
83381.4795091107,41.956896,9
70077.2096958727,47.49672,7
82980.7721128004,44.78112,8
74642.7965137228,50.21232,6
89055.2087824656,55.317648,5
70419.3645838626,44.672496,7
107690.30830772,55.426272,6
122676.333980896,58.033248,5
86456.4929902627,47.388096,7
112231.893578772,52.602048,5
121525.343939763,55.534896,5
95764.5774173387,52.819296,6
64306.8703277936,41.956896,9
138767.133020561,55.426272,5
92805.4870152825,50.103696,6
81308.4843520487,41.848272,10
68147.1392034992,50.21232,7
67238.7572861959,41.848272,9
73220.9208445127,55.426272,5
112377.541640665,47.49672,7
89379.317475746,44.78112,8
64591.3383884032,52.710672,6
104639.040676285,44.78112,7
84344.4832826054,50.103696,7
79839.6553796269,52.602048,5
130522.520619331,52.710672,6
64248.5972560102,47.49672,7
87795.3796735762,47.49672,7
75581.6580514682,39.132672,11
87621.9909490032,44.563872,8
72986.7536698034,50.103696,6
78843.3240436988,58.033248,5
84725.0731667892,88.910496,4
75538.3081795308,41.956896,8
57998.1016838334,44.672496,8
92044.5195567824,44.672496,8
66447.8841361414,44.78112,7
78193.8037521013,41.956896,9
62650.9418206857,44.672496,8
54484.696823094,41.848272,10
87269.1896752128,47.388096,7
129823.700994401,50.21232,6
132876.481153374,86.194896,5
81515.0293317738,44.78112,8
90844.0266262392,44.672496,8
74844.0548627694,50.21232,7
84296.3901904685,44.672496,7
135900.121331408,52.710672,6
101612.243024351,91.626096,4
96139.6922355529,52.710672,5
145285.692748415,58.033248,5
96827.9072341726,47.49672,7
70127.0692700839,44.672496,8
114593.195802296,52.819296,6
90919.4551391562,39.132672,10
148202.907531678,58.141872,5
86802.8614892603,44.672496,8
90508.8471417202,44.672496,8
101235.893765721,44.78112,7
119448.15349806,86.086272,4
92522.873032666,52.819296,5
86359.975470341,47.605344,7
82025.0740011275,52.819296,6
96498.7299365522,41.956896,9
91789.8992938432,52.819296,6
80281.5295443265,47.279472,7
78025.6093339833,44.672496,8
84596.2157513664,41.848272,9
106737.903215097,55.534896,5
118389.977435424,86.194896,5
92098.0237347516,44.78112,7
99136.2081427322,50.21232,6
99944.3189607906,50.21232,6
111353.685119631,52.819296,5
69429.8762816123,50.103696,6
124897.793591673,55.426272,5
73038.0965068353,44.672496,9
80326.4368655804,41.956896,9
87213.3688714907,44.672496,8
84307.5007528511,41.848272,9
142601.246033415,125.11032,4
90551.0612908166,55.534896,5
66406.0923791982,47.49672,7
67234.8043660775,41.848272,10
73822.8592808962,47.388096,7
88064.9584385373,50.103696,5
101865.377901013,55.426272,5
61605.2475343943,41.956896,9
120444.717692759,55.426272,6
143493.880710507,55.426272,5
90879.3527383308,47.49672,7
95827.929607391,55.426272,6
99350.912238849,50.103696,6
82208.2179153929,39.024048,11
71207.9605389367,44.672496,8
70623.8465689802,47.49672,7
88850.712005295,44.672496,8
59480.8693353811,44.672496,8
64857.3831551557,44.672496,8
65186.1897417178,50.103696,6
74183.5263300544,44.672496,8
87392.8113204848,41.848272,10
145290.331188717,58.35912,5
129222.676856416,58.033248,4
112648.648220522,52.710672,5
71931.3308192544,44.672496,8
57559.9239301908,44.672496,8
64467.8517809414,44.672496,8
81063.1468374564,52.710672,6
90739.2145276385,85.977648,4
132696.606063082,50.103696,5
90582.5317566611,44.672496,8
84890.8043255589,44.78112,7
148080.323250203,88.801872,4
68395.1279337634,50.21232,6
106992.697803983,50.21232,6
67671.9681107228,44.672496,8
111565.858969122,52.602048,5
111106.734408703,91.517472,4
82794.6125248274,44.78112,8
98974.7329303735,44.78112,8
102251.939893024,86.194896,5
82035.5692354431,52.819296,6
77419.6312553092,47.49672,7
98567.671231229,116.854896,5
109436.616827733,44.672496,7
104265.131723291,47.388096,7
78385.6450154369,52.92792,5
89026.4094498588,50.103696,6
77152.296698142,41.956896,9
106246.978479535,91.626096,4
85229.2897307618,47.605344,6
99126.2460388217,44.672496,8
116570.054027373,63.681696,4
63330.8221905038,44.672496,8
80627.2540525212,47.49672,7
84114.3842977858,50.103696,5
111521.868908256,52.819296,6
107100.966276347,47.605344,6
51828.2176036712,41.848272,10
128320.962439453,55.534896,5
90386.8784482505,58.141872,5
66279.5713917995,47.49672,7
86542.152885077,52.819296,5
79414.4750909453,50.21232,6
51558.5679321434,39.132672,11
127134.523974019,52.710672,5
61589.0295816214,41.956896,9
63141.7716794756,47.49672,7
104286.653281031,52.819296,5
77403.799579729,52.819296,6
72118.4410477662,50.21232,6
95488.9013754862,52.710672,6
97675.5522295572,44.672496,8
114907.099096714,122.39472,4
119485.661364099,88.801872,5
88459.5892221779,44.672496,8
94086.1270958861,85.977648,5
119064.228223265,52.710672,5
85993.9531793299,44.78112,7
84807.8811212592,44.672496,8
80966.6984800675,44.78112,7
87709.2087196836,47.49672,7
60994.7352535434,47.49672,7
85020.963464078,47.388096,7
102511.07851217,44.78112,8
100356.921594234,58.250496,4
94718.8498015573,41.956896,9
119854.708856178,47.605344,6
103336.748864901,44.78112,7
140330.47768343,58.141872,4
66434.2711038573,44.672496,8
131118.881138571,89.01912,4
96595.0228829446,41.956896,9
83692.3227578926,44.78112,7
50622.3259675889,41.848272,9
98601.4139943598,58.141872,5
95931.2884557893,44.78112,7
65693.1036401906,41.956896,9
106159.172350798,44.672496,8
133491.293227971,52.710672,6
70418.3543875513,55.426272,5
84566.9115738559,44.672496,8
69855.668685513,50.21232,6
112338.035556631,47.49672,7
131958.375308245,55.426272,5
70539.4849971735,44.672496,7
122819.906719082,50.103696,5
72208.6931526596,41.956896,9
107794.663204806,50.21232,6
81267.9166875357,44.78112,7
100490.037751441,47.49672,7
113455.269234442,47.49672,7
80755.3929579547,44.78112,7
79475.3976950799,52.819296,5
78301.6484274501,52.819296,5
63751.6793037894,44.78112,7
80419.7561777699,52.710672,6
86787.907372011,47.49672,7
78997.7444200533,50.103696,6
91926.5544404316,52.710672,5
106999.430666365,52.710672,5
145101.278581484,119.461872,4
95955.3708275873,58.250496,5
100315.059500477,44.78112,7
101464.974738982,47.49672,7
136823.605858448,88.910496,4
75281.851116749,47.49672,7
83319.9620785572,44.672496,8
99392.0575592282,50.21232,7
124399.460219051,52.819296,5
91365.2829504407,61.07472,4
108625.479434358,44.672496,8
129075.10177879,58.250496,5
94766.4700462867,52.92792,5
104011.789512836,50.103696,7
101098.116676806,44.78112,7
80731.2389315704,47.388096,7
126603.177775039,60.966096,5
117105.242042618,55.64352,5
87733.6789169574,50.103696,6
95036.8396370796,55.426272,5
83337.0137229189,47.388096,7
69599.94267615,50.103696,5
92256.9053966714,41.848272,10
64903.6523449122,41.956896,9
118861.963697688,55.64352,5
92819.1997279684,44.672496,9
94391.894950197,47.49672,7
100620.018940121,55.426272,6
81817.673037927,55.534896,5
67191.179686712,44.78112,7
87590.6701474754,44.78112,7
103202.831194007,58.033248,4
84775.529611026,50.21232,6
57239.1487732218,44.672496,9
69747.7982595441,47.49672,7
93264.1288678809,47.49672,7
91430.1950298078,58.141872,5
66801.9434346856,50.21232,7
136702.823778531,52.819296,5
106044.557182428,47.49672,7
97395.5336105599,47.279472,7
139172.013562239,52.602048,6
107412.987569426,58.35912,5
65136.6384390481,50.103696,7
76157.3465530653,44.672496,8
119274.42678248,61.07472,4
67003.5553491509,44.672496,8
76539.4358221057,47.49672,7
73318.9830344891,47.49672,7
84774.5402263288,50.21232,6
94873.5392207304,44.672496,8
93307.343684519,52.710672,5
94584.9352793523,50.103696,5
79279.868031464,50.21232,6
90632.4048530294,47.49672,7
96960.6789228541,52.819296,6
116234.528965269,55.317648,6
81805.5419505273,47.388096,7
93474.4768225832,50.103696,6
98655.0453469846,50.103696,7
95002.9030711902,47.605344,7
82820.9890119359,52.92792,6
93036.2844848032,55.209024,5
73989.9991730451,44.672496,7
72504.5345755103,47.605344,7
91977.1957561481,44.672496,8
70563.7124311306,50.21232,7
133701.576548793,60.857472,4
69261.9910894284,47.49672,7
94499.5570991729,50.103696,6
101592.568740167,52.710672,6
150763.620458262,178.174896,4
90609.2144938833,55.426272,5
95157.1081441102,41.848272,9
91642.7720702458,44.78112,8
100281.37993125,47.49672,7
63368.5252648924,41.848272,10
64996.1310091347,44.672496,8
64465.4308578238,44.672496,8
76184.6210548401,55.534896,5
117270.269092061,52.710672,6
104827.960510804,50.103696,6
73427.6812950427,52.602048,5
122246.615902505,88.910496,4
109798.921953009,44.78112,7
85544.3034606991,47.49672,7
100422.932149902,55.534896,5
142156.187692728,52.819296,6
54569.8524923424,44.672496,8
84036.9544766709,44.672496,7
93587.5229266907,52.710672,6
91867.6128507472,52.92792,5
105619.613960099,50.103696,6
77523.4021447467,50.103696,6
86365.1334613207,52.710672,6
97308.0398309343,116.746272,4
89071.8797306329,41.848272,10
56569.9026673511,44.672496,8
55249.7275959366,39.132672,10
75461.1395969622,50.21232,7
77405.2689263744,44.78112,8
98739.1265213058,47.279472,7
125713.32228204,50.103696,6
107751.946084129,47.605344,6
57244.9863748997,41.848272,10
85566.1966571639,47.49672,7
112234.130378058,55.426272,5
72864.5446832618,52.819296,6
110839.954189323,47.49672,7
123620.010144935,58.141872,5
115967.94453562,58.141872,5
91213.9913228392,41.956896,9
109039.965276736,44.78112,8
97480.4884687761,52.819296,6
92189.5397176057,52.710672,6
126413.653222505,55.426272,5
87373.2945295223,47.49672,7
100384.520643516,47.605344,7
70595.22251648,52.710672,6
88575.0500692268,86.086272,4
99183.6361872176,50.21232,7
73618.441897469,44.672496,7
156539.111874895,91.517472,4
92276.2797322002,50.21232,6
124101.600966781,88.693248,4
73114.7913185574,41.956896,9
60595.5922092985,41.848272,10
120150.902589577,55.64352,5
113584.315234859,44.78112,7
101836.284429769,50.21232,6
83325.7727519592,47.388096,7
82456.865927519,44.78112,7
93049.5823792944,44.672496,8
83341.2322269099,47.388096,7
101951.473632482,47.49672,7
119663.880410194,52.710672,6
97866.0401066855,47.388096,7
83510.158791792,47.49672,7
120187.689897525,52.710672,5
64805.6251497918,47.49672,7
108971.146192835,58.250496,4
81515.5579010754,41.956896,9
80546.1838326955,47.388096,7
95064.6499152429,55.426272,5
55474.0685069846,41.848272,10
132068.761103694,88.693248,4
92091.2427254137,44.672496,7
80762.0674463172,44.672496,8
72433.7185166316,50.103696,6
119822.219796955,50.103696,6
79359.1722439386,41.848272,10
124897.056263637,52.710672,5
86575.7407527056,47.49672,7
82633.8674849363,122.177472,4
82431.9306571181,86.086272,5
87155.47700619,47.388096,7
93545.1638894062,50.103696,6
80984.8950010476,44.78112,7
65477.7991788386,52.602048,6
164860.007014448,86.086272,4
79823.0935640112,44.672496,8
101605.35647272,44.78112,7
62283.9529662366,44.672496,8
116302.551835468,55.534896,5
125062.657966745,55.426272,5
76125.6839659217,44.78112,7
74644.8934360789,44.78112,8
93196.9758073887,47.605344,7
89015.1680804642,47.388096,7
81751.222455424,44.78112,7
80188.5708952013,44.78112,7
117189.076068113,88.801872,4
82121.1044182018,47.49672,7
96666.4525090858,55.534896,5
78596.0370732504,44.672496,8
103126.682699586,55.209024,5
71735.6934073215,44.672496,8
66027.6639401936,47.388096,7
85864.4278919783,44.672496,8
97135.6261964114,44.78112,7
81795.245520788,50.21232,6
67610.6330241859,52.710672,6
96500.1096503324,50.103696,6
68583.9900789013,41.848272,10
88293.3448902142,47.388096,7
121593.187778577,47.49672,7
108268.519663415,44.78112,7
94891.4266324794,47.388096,7
75169.3991125683,44.672496,9
127028.043220588,116.854896,5
77645.6627190607,50.21232,7
79569.2326955068,55.534896,5
118827.455208139,116.637648,4
77845.7061264847,47.49672,7
71433.9630625653,44.672496,8
98728.1598091824,55.426272,5
90228.4352376259,50.103696,6
72803.6556941239,44.672496,8
149965.694856457,60.966096,5
116968.964329282,44.672496,7
96367.6342421481,55.426272,5
123231.717104193,52.710672,5
87658.4602434561,44.78112,7
76559.1231373432,47.49672,7
103456.38494954,52.819296,5
67729.3830468813,44.78112,7
70407.2754773011,44.78112,7
84384.6142010382,47.49672,7
80224.5160129179,50.21232,6
123885.287617383,52.819296,5
64167.0132857348,50.21232,6
112392.675964876,114.030672,4
109648.071624741,47.49672,7
90230.5819387863,52.710672,6
101156.239881298,47.605344,7
65538.3687598237,44.672496,8
71742.2141376881,50.21232,6
87150.0107585255,58.141872,5
89441.606297032,44.78112,7
63609.3742385066,47.49672,7
82592.0662624547,58.141872,5
62645.5780861372,44.672496,8
135493.519411391,88.801872,4
104185.732740856,44.672496,7
58804.0312782676,44.672496,8
76757.2803075334,47.49672,7
75152.0772556635,44.672496,8
99363.5019671975,91.73472,4
56664.9021546918,47.49672,7
92408.0180234454,50.103696,6
103487.245156927,50.21232,6
53928.9346977056,41.956896,9
114559.650043696,47.49672,7
120456.151932681,47.605344,6
132714.963969715,91.626096,4
100374.696336909,52.819296,5
104003.778125761,50.21232,6
80647.262931112,55.317648,5
65050.1167080461,44.672496,8
84716.4990382942,47.49672,7
88345.5243058626,114.139296,5
89054.9560738925,44.672496,8
76468.4422053381,41.848272,10
87937.8491275987,50.21232,6
94777.8851901106,47.49672,7
126549.2561163,55.426272,5
68269.5032091479,44.78112,7
89763.4927917327,47.605344,7
63868.2190924655,44.78112,7
91399.2388382018,50.103696,6
96400.9145570179,41.956896,9
84124.9050762375,86.194896,5
68986.2993792365,41.956896,9
66420.1216331593,52.710672,6
114017.756441996,47.49672,7
74748.903476662,52.819296,6
126156.565458117,55.64352,5
92269.5889708129,52.710672,5
74650.2293520011,41.848272,9
77417.5671702945,44.672496,8
97126.3440012859,55.534896,5
107617.819663282,52.710672,6
110299.637259567,116.746272,4
130266.50404883,60.857472,4
99187.9764302345,55.426272,5
87132.0911515297,50.21232,7
100247.347724002,41.956896,9
115766.005486226,52.710672,6
74857.2923470771,52.819296,5
66069.1370294437,39.132672,11
97287.7716625572,44.672496,8
88406.4708823113,44.78112,7
115699.337478965,50.103696,6
72760.0548644109,58.141872,5
56625.2483145566,44.672496,8
122363.394658478,91.626096,4
58952.6451597291,47.605344,7
94179.24046398,52.602048,5
90083.6387689467,50.103696,6
70495.6137679942,41.956896,9
66627.7578490146,44.672496,7
66735.8741374521,44.672496,8
91543.7878160337,44.672496,8
99406.8749383368,52.710672,5
67064.2281878541,47.49672,7
81244.1014188797,50.21232,5
92778.4471368622,44.672496,8
69193.461308367,47.49672,7
94157.9860146406,55.426272,5
115263.943326469,52.602048,5
100691.703057611,52.710672,6
158226.131960977,58.141872,4
71397.0908697761,44.78112,8
54845.1006239216,44.672496,8
56830.3805183681,47.170848,7
80747.7935572478,49.995072,7
52450.0828412208,41.848272,10
63686.0542567927,44.672496,8
117296.526161016,50.103696,6
115059.610148893,50.21232,6
140126.868992056,119.461872,4
92849.0491018587,44.672496,8
89253.9818403422,47.49672,7
78465.2609629173,52.710672,5
93067.6323549999,47.49672,7
112584.278374019,91.626096,4
121763.185121649,55.426272,5
105372.615104519,47.49672,7
66716.0074374309,41.848272,10
75634.8503525043,44.672496,8
90699.0890260673,50.21232,6
74424.8975810094,44.672496,9
69446.4327872267,55.426272,5
142992.9749777,94.124448,4
90156.4218927703,52.710672,6
71964.5927849421,39.132672,10
88487.3730843622,88.801872,4
84559.9584031762,50.103696,5
58134.1396359589,44.672496,9
75304.2698231152,44.672496,8
92386.9002512534,50.21232,6
85905.9760420629,44.78112,7
85928.9376974091,41.956896,9
98572.3773298415,44.78112,7
75031.3900049801,44.78112,8
70233.7088625993,52.710672,5
98310.9411355735,41.956896,9
77083.6594656008,44.672496,8
70109.5677459225,44.672496,8
104544.421460014,55.534896,5
97956.5822711118,44.672496,8
114314.295578222,47.605344,6
106139.767691559,52.710672,5
74399.0580153746,47.49672,7
121937.736588896,55.534896,5
81654.8202492214,44.672496,8
67179.7760930066,44.78112,8
83213.1018901567,83.479296,4
107224.105803544,52.710672,5
74182.5630719125,52.710672,5
54634.454112564,44.672496,8
70769.4797404602,44.672496,8
131091.711047265,86.30352,4
70182.2329543506,50.21232,6
97188.2695326749,55.64352,6
86392.75521418,44.672496,8
105911.360355781,47.49672,7
121190.866463657,55.426272,5
124678.823734422,88.910496,4
96618.962392348,47.49672,7
105880.19953252,50.21232,7
98060.794652949,41.956896,9
101031.290045666,88.693248,4
89881.0277692934,88.910496,4
98874.4508421312,44.672496,8
98879.3559849643,44.672496,8
54524.6994303579,41.956896,9
98950.3289338129,116.746272,4
86360.1700323472,41.956896,9
50721.6912499162,41.848272,9
57388.928428198,41.956896,9
76839.0083663489,52.602048,6
95178.7352760396,52.710672,6
62872.6236710017,44.672496,8
111053.376055601,52.710672,6
82345.1225913794,44.672496,8
101017.409192232,44.78112,7
97764.4495359051,52.819296,5
168081.4104151,58.250496,4
79377.8674800299,52.819296,6
63850.7558448257,47.49672,7
153619.801912974,58.141872,5
90030.0687360399,47.49672,7
124461.033400336,58.141872,5
69644.1777298519,44.672496,8
98749.2270591243,52.819296,6
107054.000598109,50.21232,7
114285.669050514,50.21232,6
111241.507117634,52.710672,6
71929.6128009447,47.49672,7
99249.8070524885,55.64352,5
59829.5355500549,44.672496,8
65274.0402297904,50.21232,6
80123.4829782477,44.78112,7
117118.769356138,47.279472,7
81640.2428207441,47.49672,7
61501.7679142069,41.956896,9
61482.3986441451,47.605344,6
77541.9114774851,44.672496,9
67785.4512255215,52.710672,6
117112.477646895,55.317648,5
68328.9035903597,47.49672,7
107450.116546139,47.49672,7
74843.9258015441,41.956896,9
107451.451749037,52.92792,5
85872.4857450264,60.857472,4
127047.175296964,55.317648,5
71348.963683084,47.279472,7
58781.1676082246,44.78112,7
89433.70436898,44.672496,7
75466.5712210482,52.819296,6
112003.927250337,55.534896,5
68399.2257447536,44.672496,8
61114.2311150568,47.605344,6
82767.2828679869,44.672496,8
76249.1180326091,47.388096,7
90491.3975919956,50.21232,6
69607.7815027499,52.92792,5
66033.2959148734,41.848272,9
149258.436455983,55.534896,5
97731.0895945877,47.49672,7
91600.8949193556,52.819296,6
57655.4616772805,41.848272,9
64517.3743756901,50.21232,7
78135.9549826669,52.819296,6
128723.155631067,114.139296,4
81977.201351373,39.132672,11
81928.994595711,119.570496,4
138025.787028448,116.854896,4
102480.3554974,50.103696,6
190248.255747841,119.570496,4
119912.588490271,55.64352,5
100743.164287238,41.848272,9
89704.5299965484,58.033248,4
77615.4105395276,50.21232,6
88371.9429255922,58.141872,5
69038.3318384475,47.49672,7
95274.3151760769,89.01912,4
150368.884958175,122.286096,4
106371.30196535,50.103696,6
96580.1276183762,44.78112,8
72632.3207170378,47.605344,7
52218.7040247927,41.848272,9
66011.8477340973,41.956896,9
59067.7538442746,44.672496,8
98844.7101903351,47.49672,7
92303.1190902861,47.605344,6
76848.7264738919,47.605344,7
128163.246917421,55.209024,5
65931.9716754742,47.388096,7
92124.555952194,85.977648,4
63732.5762377518,47.49672,7
64086.410645455,44.78112,8
108115.686218495,88.910496,4
132502.73338953,88.910496,4
155806.634733558,58.141872,4
84693.2763794692,50.21232,7
94606.4039782271,55.534896,5
85016.6321897089,58.141872,5
85176.0703160035,47.279472,7
75748.4940371028,52.710672,5
117540.211580375,88.910496,4
113507.323690274,122.39472,4
126446.636715992,60.857472,4
97923.672606264,52.819296,5
108311.64208123,47.49672,7
126620.245235918,50.21232,6
107092.869993179,55.64352,6
99771.1014970695,44.672496,7
66376.335296132,47.388096,7
92658.3363878699,47.49672,7
61154.0234708818,41.848272,9
119578.324059847,55.426272,5
122448.895641669,55.426272,5
66838.9433549757,44.672496,8
96308.4578719284,58.033248,5
86448.8234844728,52.819296,6
88098.3969582969,44.672496,9
92767.1904306606,52.819296,6
99251.3376817456,44.78112,7
90423.9525328772,41.956896,8
89443.1738181572,47.605344,6
171164.219836633,86.086272,5
85612.7111345759,88.910496,4
111945.746589215,55.317648,6
161655.580186625,86.086272,5
120098.726769855,58.141872,4
62629.3784301193,47.49672,7
92163.4273799637,47.388096,7
104169.424976278,47.49672,7
104337.67916103,50.21232,7
72025.4247735669,44.672496,8
87068.3623798409,47.388096,7
89852.0000251347,44.672496,8
87634.7436689742,44.672496,8
97787.7794221635,44.78112,8
54625.5152803016,41.956896,9
94514.3381895915,44.672496,8
66306.8379531657,47.49672,7
87483.4278872679,41.956896,9
99315.7753568598,55.534896,5
86158.2508991092,52.710672,6
98021.9655434234,44.672496,8
106516.606367272,88.910496,4
121202.961378753,55.426272,5
98659.9846959639,41.848272,9
100245.201948579,47.170848,7
59100.761877752,44.78112,7
136533.258566803,55.317648,5
163766.243310809,122.39472,4
110246.947623104,47.49672,7
123453.124019326,91.73472,4
80179.4519436157,52.819296,6
97392.3706878681,44.672496,8
147275.864125428,60.966096,5
81561.5118943381,41.956896,9
80206.4575641024,44.78112,7
125722.938001242,55.64352,5
67325.6906283678,55.534896,5
110992.128817089,122.177472,4
77131.400938008,50.21232,6
128101.446002152,55.64352,5
76541.5556776889,55.426272,5
71530.8278408592,47.49672,7
123626.703699202,60.857472,5
91457.7602915849,41.956896,9
100546.968286909,47.279472,7
73264.3363571789,47.605344,7
121716.68077499,55.317648,5
87657.9270402226,44.672496,8
103172.359048581,55.64352,5
102681.886225728,44.672496,8
120944.071739498,52.819296,5
118627.635815516,52.710672,5
68683.648349129,50.21232,6
99105.0343461231,88.693248,4
92970.1892384173,47.49672,7
74892.6209640242,47.388096,7
119872.342897877,52.819296,6
63860.2898156973,44.672496,8
96829.0839475295,44.672496,8
80727.8382563187,47.49672,7
87083.0519358447,41.956896,9
79943.9300726972,44.672496,8
73899.3584002581,44.672496,8
74992.6599165205,39.132672,11
98743.5258510702,55.64352,6
99680.6108937433,41.956896,9
88687.0275941197,41.956896,9
72164.0601382792,44.672496,7
58552.5303221001,44.672496,9
57799.1688637252,44.672496,8
69340.8528373783,47.49672,7
92643.1114203149,47.388096,7
82331.3831985201,44.78112,7
135944.6236774,50.103696,6
89114.230352944,44.78112,8
89751.3544737899,44.672496,8
69641.8711933684,47.388096,7
109055.431214973,55.426272,5
77186.7668686102,52.710672,6
95575.8668249248,55.426272,5
93535.7634675436,47.605344,6
77670.37696017,52.602048,5
81969.6500590836,55.426272,5
79484.048765354,47.605344,6
83089.7938820462,44.672496,8
72804.739381228,50.21232,6
74997.4245093407,47.388096,7
104470.840032823,58.250496,5
64453.386889604,41.956896,9
90310.4783590061,55.534896,5
79659.5465963016,41.848272,10
87949.2751055464,41.956896,9
134970.305145159,58.033248,4
106517.583924939,55.534896,5
108750.993180757,50.21232,6
88507.9614118012,44.672496,8
68612.6692123611,47.49672,7
91618.8092423221,91.408848,4
92137.7586430297,44.672496,9
87698.0661845222,50.21232,6
85102.6052632881,55.64352,6
57015.4199217447,41.848272,10
71246.5955514726,41.848272,10
75682.3022581519,47.279472,7
100509.044076079,50.103696,7
96513.7063105053,58.141872,5
74175.8277324008,52.819296,6
112877.500415969,50.21232,7
117137.311151359,55.317648,5
77419.0822269049,44.672496,8
93081.0400940054,41.848272,10
106494.62046778,47.49672,7
54542.2892539552,41.848272,10
101948.387198562,116.746272,4
67551.2775555695,47.49672,7
88531.9416415081,47.49672,7
64354.2668771543,41.848272,9
69538.611979633,44.78112,8
70271.2203406807,41.956896,8
118971.760058908,52.819296,6
75068.9274554267,44.672496,8
69345.1136616684,41.956896,9
78507.9683167473,52.710672,6
90694.5926607498,55.534896,5
88746.9553145029,55.534896,5
155259.054219063,58.033248,4
69977.9892626039,50.103696,6
98054.0275028506,44.672496,7
100311.944706609,86.086272,4
78880.7853488359,41.956896,9
115690.435727255,52.819296,5
159005.84095543,116.854896,5
124361.118058896,55.426272,5
94640.3883875884,44.672496,8
130088.59777743,116.854896,4
86843.4750825506,41.848272,10
56272.1546161387,41.848272,9
54152.9174004566,41.956896,9
92419.02686238,55.209024,5
121322.964782359,58.250496,5
106341.521159766,55.317648,5
62302.8908397411,47.605344,7
72684.7908668541,47.49672,7
103284.383322285,52.710672,6
105547.690607803,55.317648,5
93571.9708309641,47.605344,7
79804.0701968886,44.672496,8
64500.843420331,44.78112,7
89508.9801478168,41.848272,9
92568.5642288889,44.672496,7
107860.553612087,52.92792,5
92455.4276030161,44.78112,8
74753.1709975365,41.956896,9
80999.4629803513,47.605344,6
76058.0551461683,52.602048,5
91896.3803116811,47.49672,7
99522.1985978725,47.49672,7
138987.632450772,52.819296,5
161425.59717631,88.801872,4
81884.6323287174,52.710672,6
66815.4055910083,44.78112,7
69387.034278,47.388096,7
90969.3933882282,55.64352,6
71734.384248527,44.672496,9
71795.43723541,44.672496,8
92391.2747459913,55.534896,5
67113.1608052448,44.672496,8
149664.756640113,88.693248,4
62903.4432350602,41.848272,9
55137.1678355008,44.672496,8
73788.5970203344,44.78112,7
86619.2471089131,58.141872,4
64405.8936366475,41.848272,9
87070.3421039222,50.21232,7
108246.860444866,47.605344,7
91768.5776346982,58.250496,5
109617.070381287,47.605344,7
64685.7389151745,44.672496,8
84475.4932426911,44.672496,8
120205.675846055,55.317648,6
64605.4517251005,50.21232,6
122208.484991163,58.141872,5
139897.180047617,58.141872,5
112123.392275461,50.21232,6
112091.259753945,50.21232,6
87749.5088069744,50.103696,6
102579.649924405,44.672496,8
118119.730753085,47.388096,7
99921.226327762,88.910496,4
68127.2551868826,41.848272,10
91109.5043198948,52.710672,5
137802.836837429,58.250496,4
78216.1835618126,41.848272,9
90642.2570397384,58.250496,5
87516.3816604449,41.848272,9
83713.443088692,44.672496,8
90252.5705066263,47.605344,7
91453.1148820968,55.534896,5
105402.933898176,47.49672,7
88279.520192406,50.103696,7
104568.398390719,44.672496,8
94491.8845999469,88.801872,5
96240.8977458891,44.672496,9
95435.312461342,58.141872,5
130351.561951629,88.693248,4
60606.7123407915,47.49672,7
64621.5180836018,52.92792,6
69080.7120413159,47.49672,7
85356.9670989697,44.672496,8
63543.881575692,44.672496,8
95716.8461340608,44.672496,8
63808.8748641954,41.848272,10
114797.805470284,55.426272,5
92816.7003681484,116.854896,5
76342.9625209954,44.78112,7
53824.4999321858,44.672496,9
71718.6678045876,50.21232,6
64023.0936239923,44.78112,7
97843.8996358456,50.21232,6
102264.54536588,50.103696,6
106932.722573004,88.910496,4
71700.010745437,55.426272,5
90069.2730514314,41.956896,9
138175.60573585,52.819296,5
89513.2186403564,41.848272,9
101517.504822115,47.49672,7
73170.7445149899,44.78112,7
116858.485030915,50.103696,6
113872.682687892,55.534896,5
82415.7128989003,41.956896,9
95333.7809202686,85.977648,5
70582.9255720924,44.672496,8
91399.0834185189,55.426272,5
76906.4951547034,50.103696,6
96068.1053149075,55.317648,5
87625.6200514116,47.49672,7
105754.316845757,55.426272,5
73015.2279837065,44.672496,8
103846.730767124,52.602048,6
64676.6400304192,44.672496,8
119380.808468211,88.801872,4
91688.3631965756,44.672496,8
98767.7725570676,52.710672,5
85318.6231842569,50.103696,5
82351.4927662183,50.21232,6
109546.107806705,50.103696,6
68567.1216220242,47.605344,6
86334.5374879471,44.78112,8
141230.250728582,91.626096,4
165766.096263624,97.057296,4
84579.9534534188,41.848272,10
79200.4050303864,47.49672,7
72293.6050988996,50.21232,7
67174.5165718511,41.956896,9
114054.234453613,47.605344,7
83524.431542926,47.49672,7
102924.821218476,44.672496,8
74376.5965936122,44.78112,7
88485.7903333093,44.78112,7
82317.468112787,44.78112,7
69511.0268785611,50.21232,6
74807.0075840956,52.819296,6
84977.6889370719,41.848272,10
134916.12335748,60.857472,4
75380.7069121735,47.49672,7
112895.433001613,58.141872,4
122448.6802115,60.748848,4
69201.1008294755,41.956896,9
94844.3363239994,44.672496,9
125174.834482384,50.21232,5
51836.002447568,41.848272,10
147960.249729847,88.910496,4
74134.7090734104,47.49672,7
71597.136986413,44.672496,8
114122.716346634,52.602048,5
60802.077130597,50.103696,5
109694.581893532,52.819296,5
157676.663817325,122.177472,4
66273.280413078,41.956896,9
109456.957967897,50.103696,5
86313.5634956236,52.819296,5
102516.094746347,47.279472,7
84613.2649191129,41.956896,9
108667.639075179,50.21232,7
105343.569261945,52.602048,6
74576.715518472,47.605344,6
80116.6392392522,50.21232,6
67315.2297326077,44.672496,8
145760.186872057,58.250496,5
81399.9923681233,50.21232,6
72704.1748668798,47.49672,7
84460.349505381,44.672496,7
92068.2378289447,41.956896,8
90108.1886016603,47.49672,7
62728.7102662714,41.956896,9
66658.5636929567,41.956896,9
78771.0102438631,47.388096,7
67471.5178944849,47.49672,7
188972.848656003,122.286096,4
125437.325949267,52.710672,6
98794.636775159,52.710672,5
57984.1714132879,41.848272,10
77406.444389386,47.49672,7
69532.619134152,50.21232,7
103347.727756838,116.854896,4
108651.345427,47.605344,6
73086.6243237293,47.49672,7
98334.5550215235,44.672496,9
145608.442508621,52.819296,5
78461.8304336611,44.672496,8
86120.2781369769,47.49672,7
75217.4226057977,41.848272,10
83964.6334852761,44.78112,8
141316.361520765,86.194896,5
64365.2905284955,44.672496,8
93583.2306336773,47.605344,7
86998.8987305941,44.672496,8
105247.228539312,47.388096,7
78434.1456635701,44.78112,7
101682.640100549,85.977648,4
72487.0232531576,44.672496,8
55092.8183440286,44.78112,7
88422.106436733,89.01912,4
78610.8196479361,41.848272,9
81678.897302163,41.848272,10
88391.6041305404,52.602048,5
63751.1879391698,44.78112,7
122734.979823678,86.194896,5
93009.0378360336,55.534896,5
115067.933309423,88.693248,4
76144.6951726907,52.819296,5
110336.24619962,50.103696,5
90594.9789518815,41.848272,9
86543.6754171064,55.426272,5
55138.4101548196,41.848272,10
87468.7861999028,41.956896,8
64042.0844584396,44.672496,8
82179.8407006393,50.103696,5
91916.8122466192,55.317648,5
103114.053158758,50.103696,6
125425.707192666,55.534896,4
72188.975929846,44.78112,7
72837.5716859568,44.672496,9
103536.289598005,47.49672,7
63210.9621367451,44.78112,7
75649.484622114,44.78112,7
107703.382958488,44.672496,8
64388.3255406378,50.21232,7
49027.8503745092,41.848272,10
89548.6717599185,47.49672,7
58364.2502848347,44.78112,7
91494.0349173453,55.426272,5
80285.7425218534,41.956896,9
89881.9910654083,41.848272,10
114502.018793543,55.534896,5
102249.966943546,52.710672,6
57771.7399870031,44.78112,7
91632.301758852,41.956896,9
99321.9364659069,44.672496,8
72774.4447346489,47.279472,7
108382.142148362,52.819296,5
86896.4277373963,41.956896,9
109890.487577016,44.78112,7
100779.656208754,44.672496,8
87176.8602380694,44.672496,8
115332.270692221,47.49672,7
106822.354956463,44.672496,7
124336.615893375,91.73472,4
88174.0441620312,47.49672,7
78328.4589787961,44.78112,7
131368.827398889,52.710672,6
131610.341205886,58.141872,4
117182.967243124,52.819296,6
80979.763129189,41.848272,10
146874.659123954,116.746272,4
95063.1728940571,47.605344,6
62409.0092836949,41.848272,10
62131.8306164642,44.672496,8
54101.2500528933,41.956896,9
136375.299451553,55.317648,5
77687.7391805091,44.672496,9
122216.049235152,47.49672,7
70429.2642902919,44.78112,8
87563.5170444617,47.49672,7
81691.1550429516,44.672496,8
65706.6377136976,44.672496,8
84910.2610922649,55.534896,5
62914.1268135745,44.672496,8
89654.7556593827,44.672496,8
146738.04467447,91.517472,4
74792.8067057205,39.132672,10
95603.3003796998,88.910496,4
87697.6318831047,86.194896,5
106006.753086107,50.103696,6
76115.0504272912,86.086272,4
85116.0292186676,44.672496,8
130123.548254861,55.317648,6
66838.415762275,44.672496,8
69001.2626452544,44.672496,8
96265.6549479977,44.78112,7
92298.1159907371,44.672496,8
87454.8792437668,60.966096,5
87874.183804805,44.672496,8
53795.7544661894,41.848272,9
91942.8456754259,55.426272,5
55503.2128379686,39.024048,11
88251.8654671906,44.78112,7
151626.31246632,91.517472,4
94154.976583975,47.49672,7
112147.216424228,52.710672,6
60246.9042317112,44.672496,8
73785.7479868349,47.279472,7
120449.241761258,86.194896,5
101480.459683536,47.49672,7
81595.70257121,47.49672,7
93899.286665096,47.388096,7
94995.4300037092,47.605344,6
76446.8074738068,47.388096,7
64288.3926904252,47.49672,7
123700.905102961,55.534896,5
68512.3914210255,39.132672,10
79736.4952604052,41.956896,9
67845.6471428001,44.78112,7
105289.632821868,85.977648,4
68193.9705292819,44.672496,8
121396.22325139,58.141872,5
114810.485001762,58.141872,4
96150.820769165,44.78112,7
50843.4166588065,41.848272,10
129604.171146627,89.01912,5
92838.7806221145,47.49672,7
144999.257895715,91.408848,4
76218.6087099866,41.956896,9
89058.401095986,41.956896,8
68418.2632645387,44.672496,8
90010.2604743345,52.819296,6
62925.1949146542,44.672496,8
73660.3072098994,50.21232,6
68584.8924985355,44.672496,9
78995.1429535066,58.250496,5
107389.545388778,47.49672,7
59978.656113696,41.848272,10
79158.9374161601,47.49672,7
75178.7694397159,47.49672,7
124237.655536466,47.49672,7
96809.6419733745,119.570496,4
130045.879707439,116.746272,4
97971.3485699341,41.956896,9
82267.6730597854,52.710672,6
109975.638801792,47.605344,7
98605.9828677182,47.49672,7
118323.985646536,83.479296,4
96947.7971796655,44.78112,7
78628.4889488376,44.672496,8
86504.3829643765,44.78112,7
115844.649889478,86.194896,5
73306.7830448717,44.672496,8
108702.889970554,47.605344,6
146557.354194655,116.854896,4
109372.787485231,47.279472,7
64418.1141046672,44.672496,9
76328.523777759,52.602048,5
100606.359548672,47.49672,7
99232.2432632425,47.49672,7
80515.3172833007,44.672496,8
76706.7511988602,44.78112,7
93421.2788118654,66.50592,4
68031.0850791496,44.672496,8
90103.3405320523,47.605344,7
99289.5175345006,50.103696,6
112887.581701672,58.250496,4
133942.857493147,85.977648,4
87769.9120038054,44.78112,7
80317.7844113987,44.78112,7
142830.845269833,86.194896,5
101787.374996149,44.672496,8
125671.75027752,58.250496,5
98959.9051468492,47.49672,7
96791.4827585236,47.49672,7
67188.2023718666,44.672496,8
113884.656771547,55.534896,5
97383.6313849287,52.710672,6
162743.025044628,88.693248,4
102712.304587056,47.49672,7
62289.8933795264,41.848272,10
84831.6699300987,41.848272,9
88955.9715853971,44.672496,8
127366.863889292,50.21232,6
79204.9974211506,50.21232,6
93335.496331726,41.956896,9
104461.72792831,44.672496,7
60461.4006468525,44.78112,7
97754.3384718509,47.388096,7
63171.6205934995,44.78112,7
110287.417314748,55.426272,5
123250.226146785,47.49672,7
94239.0211166168,55.534896,5
132448.086241883,55.426272,5
64864.5781731592,50.21232,6
108577.994934277,86.086272,5
55328.7508816349,44.672496,8
103605.813037979,52.819296,6
87455.424618597,47.49672,7
100802.803788543,50.103696,6
77940.7701943764,47.49672,7
108387.888023179,47.49672,7
108229.557683922,55.317648,6
88116.5015608902,55.317648,5
61695.7236967577,44.78112,7
65842.8007116364,52.819296,5
82541.5937159012,47.605344,6
65411.7311177251,50.103696,7
69995.6431501006,44.672496,8
65363.5096785933,50.21232,7
97368.3325633283,44.78112,7
94319.5581923774,55.64352,5
88992.5762010817,44.672496,8
106757.840104841,55.426272,5
93303.5694534717,47.49672,7
126054.568054197,55.534896,5
68217.8603248333,44.672496,9
63356.9791158019,47.388096,7
87439.8689994343,55.534896,5
124579.948621205,116.746272,4
71909.8645417092,50.103696,6
59873.356832619,41.956896,9
114863.261527655,44.672496,7
87037.1505264485,50.21232,6
101272.739978879,52.819296,6
99096.2098472722,58.141872,5
105845.733944649,47.49672,7
70918.4139066412,55.209024,5
59446.9559552376,44.672496,8
88543.4053969134,52.710672,6
55668.0496875739,44.78112,7
70670.2675202538,44.672496,7
104196.362073016,52.602048,5
67527.6269281998,39.132672,10
116760.020270299,52.819296,5
117708.783208034,52.92792,6
76534.2863275216,50.103696,5
176840.629971604,116.96352,4
119016.299680537,52.710672,5
141258.825798912,88.801872,4
83902.9774255859,52.710672,5
74496.2628336027,47.388096,7
100364.877260429,44.78112,7
59432.2368875555,44.672496,9
76418.8218933434,50.103696,7
99075.3444036355,44.672496,8
82538.1259124733,44.78112,7
96119.7758688131,47.49672,7
123206.291406587,50.21232,5
94666.2562810888,41.956896,9
95136.1334074986,50.103696,6
108659.957877423,97.16592,4
91411.0399181379,52.710672,5
101927.292294959,52.710672,6
78478.3108854567,47.49672,7
84111.2096027404,47.49672,7
92267.5636293147,52.710672,5
132446.249524093,60.966096,5
107587.362945759,47.49672,7
141538.247056166,86.30352,4
77480.1577961353,52.92792,5
127968.755563471,116.854896,4
161980.525045379,119.570496,4
79059.0841666287,39.132672,10
77656.4780196852,49.995072,7
115239.998527802,55.534896,5
106016.293276692,44.672496,7
95350.196049115,44.78112,8
92004.1312981039,44.672496,8
83523.7987303014,44.78112,8
73024.3565352052,47.49672,7
97253.1624569748,44.672496,7
107554.57505309,50.21232,6
70457.1558206275,44.672496,8
96127.1046574633,44.672496,8
94246.0136021782,44.672496,8
92664.4754515453,50.103696,5
98997.9562321434,44.672496,9
71110.5494439416,50.21232,6
98382.5222896349,50.103696,6
91675.560192665,44.672496,8
118072.348905698,55.317648,5
80477.0303441923,44.672496,9
143656.828972257,52.819296,6
80220.1380705211,47.49672,7
58700.340439348,44.672496,8
121206.319650012,85.977648,5
130028.048379336,50.103696,6
79999.8262311738,47.49672,7
57136.3704140506,44.78112,7
130198.407514107,52.710672,5
64921.8864139071,44.672496,8
96533.9155066754,47.49672,7
115745.282777651,52.710672,6
66369.3118551912,44.78112,7
74031.0516574281,47.49672,7
94087.6372783063,60.966096,5
95411.2268817017,83.479296,4
80516.5722848441,50.21232,6
125171.208709477,55.534896,5
86352.5486148492,44.78112,7
68029.798533802,47.170848,7
102071.514411485,44.672496,8
80215.1403229738,47.49672,7
84154.9999418352,44.672496,8
89335.7107751143,86.086272,5
155468.779761259,58.033248,4
107097.075171249,52.710672,6
81774.2531482463,52.710672,6
73832.9018091487,39.132672,11
86548.2813854729,55.534896,5
90021.1075901375,41.848272,9
117071.038047175,52.710672,6
88091.2472579719,50.21232,7
55871.1679553668,41.956896,9
95167.5795244199,50.103696,6
56955.6214263391,41.848272,10
69662.7948957756,44.672496,7
112008.386307888,88.801872,4
83120.7507834085,47.605344,7
72492.2857760104,41.848272,9
77535.6583372742,44.78112,7
86518.0418586218,41.956896,8
70495.4883824673,47.49672,7
78027.9098606734,47.49672,7
111138.529531179,50.103696,5
68298.4289535408,50.21232,7
74336.0171402131,47.49672,7
83627.4379684652,52.710672,6
118918.138040593,55.426272,5
84049.7804081985,55.534896,5
92353.9358773328,44.672496,9
123903.362459617,50.103696,7
73062.391948211,41.956896,9
60901.6974444418,44.672496,8
74026.5582330574,50.103696,6
67687.7788832752,50.103696,7
109451.367040654,44.672496,8
108232.650220686,55.534896,5
107430.350951689,52.819296,5
126753.889546289,52.92792,5
89188.0109965436,44.78112,7
89867.925123398,41.956896,9
99277.8118881076,47.279472,7
87620.9735571898,44.78112,7
78343.1856442786,44.672496,8
